OBSID1,CNTRY,REGION_INT,BASIN,AREA_km2,EBE_mm_per_kyr,EBE_ERR,SLP_AVE,lon_min,lat_min,lon_max,lat_max,tiles
S081WTS001,UGA,Rwenzori Mts.,Northern Mpanga,296.53,15.57,3.25,118.71,30.1207,0.6046,30.3977,0.743,Copernicus_DSM_COG_30_N00_00_E030_00_DEM
S285WTS016,AUS,Tully-Murray Rivers,Tully River,667.71,14.3,3.46,157.34,145.5169,-18.0076,145.7762,-17.6183,Copernicus_DSM_COG_30_S19_00_E145_00_DEM;Copernicus_DSM_COG_30_S18_00_E145_00_DEM
S008WTS001,NAM,Great Escarpment,Gaub,65.62,3.99,0.82,39,16.4357,-23.3214,16.5305,-23.201,Copernicus_DSM_COG_30_S24_00_E016_00_DEM
S038WTS034,NAM,Great Escarpment and Namib,ND,911.31,8.14,1.66,50.8,17.1883,-22.2379,17.5317,-21.7949,Copernicus_DSM_COG_30_S23_00_E017_00_DEM;Copernicus_DSM_COG_30_S22_00_E017_00_DEM
S164WTS071,IND,"Karnataka, Kerala",Tungabhadra Riv. trib.,11.33,7.64,1.72,173.6,75.1603,13.2042,75.1928,13.2517,Copernicus_DSM_COG_30_N13_00_E075_00_DEM
S119WTS016,ZAF,Kruger Nat. Park,Nhlanganini Riv.,23.74,8.15,2,24.92,31.4152,-23.9559,31.4927,-23.9067,Copernicus_DSM_COG_30_S24_00_E031_00_DEM
S092WTS013,BRA,Southern Espinhaco Range,Areia,22.4,4.79,1.05,98.2,-43.7368,-18.1599,-43.6914,-18.0948,Copernicus_DSM_COG_30_S19_00_W044_00_DEM
S186WTS058,USA,"Appalachians, Piedmont",Potomac Riv.,12.29,10.38,2.45,31.5,-77.2475,39.8583,-77.1858,39.9217,Copernicus_DSM_COG_30_N39_00_W078_00_DEM
S131WTS003,ARG,Sierra Pie de Palo,Quebrada,10.29,33.78,6.91,308.14,-67.9879,-31.5866,-67.8695,-31.5425,Copernicus_DSM_COG_30_S32_00_W068_00_DEM
S003WTS002,AUS,ND,Diamantina-Georgina Rivers,433.37,15.79,3.8,62.12,134.1538,-23.5381,134.4762,-23.3482,Copernicus_DSM_COG_30_S24_00_E134_00_DEM
S014WTS035,USA,Sonoran Desert (AZ),Yuma Wash,15.22,23.34,5.55,134.19,-114.5167,33.1684,-114.4649,33.2637,Copernicus_DSM_COG_30_N33_00_W115_00_DEM
S130WTS004,ARG,"Southern Central Andes, Humahuaca Basin",Purmamarca Riv.,48.7,36.54,6.68,329.78,-65.5622,-23.6598,-65.5022,-23.5557,Copernicus_DSM_COG_30_S24_00_W066_00_DEM
S050WTS001,CHN,East Tibet,Yalong,35.85,26.62,4.83,100.76,101.5295,30.2148,101.6248,30.2865,Copernicus_DSM_COG_30_N30_00_E101_00_DEM
S280WTS016,AUS,Alpine Way,Swampy Plain,373.23,33.74,6.86,293.6,148.1172,-36.4904,148.4386,-36.147,Copernicus_DSM_COG_30_S37_00_E148_00_DEM
S054WTS004,AUS,Arnhem Land Plateau (NT),Tin Camp Crk.,12.48,27.68,7.8,68.9,133.2596,-12.5029,133.3113,-12.4537,Copernicus_DSM_COG_30_S13_00_E133_00_DEM
S015WTS012,USA,Great Smoky Mts. (NC/TN),Oconaluftee,330.48,27.01,5.56,227.28,-83.44,35.5031,-83.1561,35.6959,Copernicus_DSM_COG_30_N35_00_W084_00_DEM
S165WTS022,ITA,Sila Massif,"Tacina Riv., Monte Gariglione",12.39,76.69,15.12,151.13,16.5646,39.1174,16.6146,39.1599,Copernicus_DSM_COG_30_N39_00_E016_00_DEM
S115WTS044,BTN,Bhutanese Himalaya,ND,29.27,90.49,17.22,297.79,90.344,27.4725,90.399,27.5417,Copernicus_DSM_COG_30_N27_00_E090_00_DEM
S182WTS045,CHN,Yunnan,Nankai,127.85,49.35,10.1,206.35,100.3583,21.6917,100.54,21.8175,Copernicus_DSM_COG_30_N21_00_E100_00_DEM
S271WTS003,GTM,Sierra de las Minas,ND,128.52,65.25,14.58,305.51,-90.2687,14.9238,-90.1137,15.0471,Copernicus_DSM_COG_30_N14_00_W091_00_DEM;Copernicus_DSM_COG_30_N15_00_W091_00_DEM
S260WTS012,CHN,Qinling Mts.,Wei Riv. trib.,83.54,80.76,16.26,489.84,109.1338,33.8671,109.2262,34.0063,Copernicus_DSM_COG_30_N33_00_E109_00_DEM;Copernicus_DSM_COG_30_N34_00_E109_00_DEM
S161WTS004,ECU,Cuenca basin,Paute Riv.,39.16,72.72,14.23,201.16,-78.9946,-2.7721,-78.9204,-2.6996,Copernicus_DSM_COG_30_S03_00_W079_00_DEM
S307WTS014,DMA,"Dominica, Lesser Antilles",,10.24,56.66,15.58,306.04,-61.3253,15.4831,-61.279,15.5176,Copernicus_DSM_COG_30_N15_00_W062_00_DEM
S071WTS039,CHN,Three Rivers Region,Salween,65.85,93.36,17.15,544,97.262,30.0704,97.3683,30.1599,Copernicus_DSM_COG_30_N30_00_E097_00_DEM
S227WTS006,USA,"Mendocino Triple Junction coast, N CA (CA)",Big Flat,14.58,124.34,28.03,519.02,-124.189,40.1301,-124.1236,40.1693,Copernicus_DSM_COG_30_N40_00_W125_00_DEM
S342WTS016,KGZ,Jalal Abad,,134.66,106.97,20.6,365.53,72.2655,41.3853,72.582,41.4713,Copernicus_DSM_COG_30_N41_00_E072_00_DEM
S298WTS031,AZE,Greater and Lesser Caucasus,Unkown,97.96,151.4,31.28,214.64,48.193,41.2368,48.4256,41.3916,Copernicus_DSM_COG_30_N41_00_E048_00_DEM
S296WTS005,CHN,"S Longmen Shan, E Tibet ",Qingyi Riv,178.75,200.02,49.68,471.02,102.8903,30.3222,103.0636,30.4799,Copernicus_DSM_COG_30_N30_00_E102_00_DEM;Copernicus_DSM_COG_30_N30_00_E103_00_DEM
S244WTS010,ITA,"Cittanova norm. fault, Aspromonte massif, S Calabria. ",,18.8,279.5,66.25,315.78,15.9492,38.1965,16.0024,38.2517,Copernicus_DSM_COG_30_N38_00_E015_00_DEM;Copernicus_DSM_COG_30_N38_00_E016_00_DEM
S289WTS041,CHN,"Qilian Shan, NE Tibet ",,93.3,290,54.06,419.37,100.2169,38.4395,100.323,38.6046,Copernicus_DSM_COG_30_N38_00_E100_00_DEM
S019WTS005,USA,Santa Cruz (CA),San Lorenzo Riv.,303.73,156.43,37.13,222,-122.2024,36.9721,-121.9732,37.2585,Copernicus_DSM_COG_30_N36_00_W123_00_DEM;Copernicus_DSM_COG_30_N36_00_W122_00_DEM;Copernicus_DSM_COG_30_N37_00_W123_00_DEM;Copernicus_DSM_COG_30_N37_00_W122_00_DEM
S060WTS025,CHN,Longshou Shan,ND,15.9,187.05,35.68,399.79,100.805,38.957,100.8651,39.0091,Copernicus_DSM_COG_30_N38_00_E100_00_DEM;Copernicus_DSM_COG_30_N39_00_E100_00_DEM
S025WTS054,BOL,Bolivian Andes,ND,63.16,482.89,89.68,614.1,-68.0636,-16.3573,-67.9077,-16.2949,Copernicus_DSM_COG_30_S17_00_W069_00_DEM;Copernicus_DSM_COG_30_S17_00_W068_00_DEM
S196WTS004,TWN,Taitung Region,Dawu Riv.,75.2,1262.93,348.3,449.55,120.7438,22.3454,120.8713,22.4204,Copernicus_DSM_COG_30_N22_00_E120_00_DEM
S193WTS012,CHN,Longmen Shan,Shiting Riv.,64.9,329.56,71.21,402.43,103.8896,31.2671,104.0088,31.3529,Copernicus_DSM_COG_30_N31_00_E103_00_DEM;Copernicus_DSM_COG_30_N31_00_E104_00_DEM
S151WTS011,TWN,Hsueshan Range,Wu Riv.,107.01,566.09,192.29,522.6,120.9988,23.9694,121.1713,24.0853,Copernicus_DSM_COG_30_N23_00_E120_00_DEM;Copernicus_DSM_COG_30_N23_00_E121_00_DEM;Copernicus_DSM_COG_30_N24_00_E120_00_DEM;Copernicus_DSM_COG_30_N24_00_E121_00_DEM
S220WTS005,USA,"Coastal Ranges (OR, CA)",Redwood Crk.,721.1,442.63,103.52,282.31,-124.0837,40.6846,-123.6787,41.4504,Copernicus_DSM_COG_30_N40_00_W125_00_DEM;Copernicus_DSM_COG_30_N40_00_W124_00_DEM;Copernicus_DSM_COG_30_N41_00_W125_00_DEM;Copernicus_DSM_COG_30_N41_00_W124_00_DEM
S253WTS017,TWN,Taiwan,Linpien,39.74,484.79,117.27,572.34,120.6679,22.4879,120.7537,22.5546,Copernicus_DSM_COG_30_N22_00_E120_00_DEM
S165WTS041,ITA,Emilia Apennines,"Sambro Riv., Rioveggio",213.7,556.49,151.86,219.53,11.0722,44.0739,11.2789,44.2822,Copernicus_DSM_COG_30_N44_00_E011_00_DEM
S098WTS009,TUR,Menderes Massif,ND,12.76,354.38,77.95,418.54,28.0577,38.2777,28.1024,38.3245,Copernicus_DSM_COG_30_N38_00_E028_00_DEM
